place_name,yr,median_income,standard_error
Alabama,1991,"24,350","1,068"
Alabama,1992,"25,810","1,058"
Alabama,1993,"25,080","1,088"
Alabama,1994,"27,200","1,559"
Alabama,1995,"25,990","1,266"
Alabama,1996,"30,300","1,258"
Alabama,1997,"31,940","1,607"
Alabama,1998,"36,270","1,307"
Alabama,1999,"36,250","1,189"
Alabama,2000,"35,420","1,072"
Alabama,2001,"35,160","1,006"
Alabama,2002,"37,600","1,062"
Alabama,2003,"37,260","1,580"
Alabama,2004,"36,630","1,303"
Alabama,2005,"37,150","1,215"
Alabama,2006,"37,950","1,014"
Alabama,2007,"42,210","1,420"
Alabama,2008,"44,480","1,659"
Alabama,2009,"39,980",904
Alabama,2010,"40,930","2,396"
Alabama,2011,"42,590","2,021"
Alabama,2012,"43,460","2,529"
Alabama,2013,"47,320","5,511"
Alabama,2014,"42,280","1,529"
Alabama,2015,"44,510","3,419"
Alabama,2016,"47,220","2,301"
Alabama,2017,"51,110",845
Alabama,2018,"49,940","2,423"
Alabama,2019,"56,200","2,512"
Alabama,2020,"54,690","2,563"
Alabama,2021,"56,930","2,294"
Alabama,2022,"59,910","1,934"
Alabama,2023,"60,660","3,993"
Alabama,2024,"65,560","5,862"
Alaska,1991,"40,610","1,822"
Alaska,1992,"41,800","1,156"
Alaska,1993,"42,930","1,643"
Alaska,1994,"45,370","1,494"
Alaska,1995,"47,950","2,008"
Alaska,1996,"52,780","1,907"
Alaska,1997,"47,990","1,258"
Alaska,1998,"50,690","2,124"
Alaska,1999,"51,400","2,226"
Alaska,2000,"52,850","1,159"
Alaska,2001,"57,360","2,012"
Alaska,2002,"52,770","1,073"
Alaska,2003,"51,840",981
Alaska,2004,"55,060","2,071"
Alaska,2005,"55,890","1,331"
Alaska,2006,"56,420","1,495"
Alaska,2007,"62,990","1,583"
Alaska,2008,"63,990","2,302"
Alaska,2009,"61,600","1,751"
Alaska,2010,"57,850","2,390"
Alaska,2011,"57,430","3,710"
Alaska,2012,"63,650","2,839"
Alaska,2013,"72,470","5,446"
Alaska,2014,"67,630","3,153"
Alaska,2015,"75,110","3,485"
Alaska,2016,"75,720","4,086"
Alaska,2017,"72,230","2,719"
Alaska,2018,"68,730","3,390"
Alaska,2019,"78,390","6,685"
Alaska,2020,"74,750","3,557"
Alaska,2021,"81,130","3,967"
Alaska,2022,"89,740","4,842"
Alaska,2023,"98,190","6,112"
Alaska,2024,"91,260","5,591"
Arizona,1991,"30,740",897
Arizona,1992,"29,360","1,088"
Arizona,1993,"30,510","1,120"
Arizona,1994,"31,290",773
Arizona,1995,"30,860","1,360"
Arizona,1996,"31,640","1,274"
Arizona,1997,"32,740","1,297"
Arizona,1998,"37,090","1,255"
Arizona,1999,"37,000","1,133"
Arizona,2000,"39,780","1,210"
Arizona,2001,"42,700","1,441"
Arizona,2002,"39,730","1,003"
Arizona,2003,"41,170","1,422"
Arizona,2004,"43,850","1,143"
Arizona,2005,"45,250","1,271"
Arizona,2006,"46,660","1,246"
Arizona,2007,"47,220","1,555"
Arizona,2008,"46,910","1,125"
Arizona,2009,"45,740","1,241"
Arizona,2010,"46,900","2,227"
Arizona,2011,"48,620","2,424"
Arizona,2012,"47,040","2,922"
Arizona,2013,"52,610","4,365"
Arizona,2014,"49,250","2,304"
Arizona,2015,"52,250","2,008"
Arizona,2016,"57,100","1,971"
Arizona,2017,"61,130","2,642"
Arizona,2018,"62,280","2,291"
Arizona,2019,"70,670","3,391"
Arizona,2020,"67,090","3,409"
Arizona,2021,"70,820","3,394"
Arizona,2022,"73,450","4,123"
Arizona,2023,"82,660","2,723"
Arizona,2024,"84,700","3,245"
Arkansas,1991,"23,440",783
Arkansas,1992,"23,880","1,398"
Arkansas,1993,"23,040",847
Arkansas,1994,"25,570",944
Arkansas,1995,"25,810",999
Arkansas,1996,"27,120",978
Arkansas,1997,"26,160","1,154"
Arkansas,1998,"27,670","1,160"
Arkansas,1999,"29,680","1,026"
Arkansas,2000,"29,700",772
Arkansas,2001,"33,340","1,144"
Arkansas,2002,"32,390",778
Arkansas,2003,"32,000",776
Arkansas,2004,"34,980",994
Arkansas,2005,"36,660","1,309"
Arkansas,2006,"37,060",767
Arkansas,2007,"40,800","1,348"
Arkansas,2008,"39,590","1,194"
Arkansas,2009,"36,540",909
Arkansas,2010,"38,590","2,464"
Arkansas,2011,"41,300","1,849"
Arkansas,2012,"39,020","2,812"
Arkansas,2013,"39,380","2,402"
Arkansas,2014,"44,920","2,546"
Arkansas,2015,"42,800","1,572"
Arkansas,2016,"45,910","2,165"
Arkansas,2017,"48,830","2,642"
Arkansas,2018,"49,780","2,108"
Arkansas,2019,"54,540","2,384"
Arkansas,2020,"50,780","1,837"
Arkansas,2021,"50,780","1,440"
Arkansas,2022,"53,980","2,376"
Arkansas,2023,"63,250","2,451"
Arkansas,2024,"64,840","1,921"
California,1991,"33,660",685
California,1992,"34,900",629
California,1993,"34,070",651
California,1994,"35,330",619
California,1995,"37,010",723
California,1996,"38,810",818
California,1997,"39,690",864
California,1998,"40,930",577
California,1999,"43,630",703
California,2000,"46,820",686
California,2001,"47,260",727
California,2002,"47,440",766
California,2003,"49,300",819
California,2004,"49,220",660
California,2005,"51,760",460
California,2006,"55,320",695
California,2007,"55,730",618
California,2008,"57,010",829
California,2009,"56,130",619
California,2010,"54,280","1,182"
California,2011,"53,370","1,378"
California,2012,"57,020","1,238"
California,2013,"60,790","1,811"
California,2014,"60,490",894
California,2015,"63,640","1,711"
California,2016,"66,640","1,075"
California,2017,"69,760","1,452"
California,2018,"70,490","1,233"
California,2019,"78,100","1,850"
California,2020,"77,650","1,437"
California,2021,"81,580","1,219"
California,2022,"85,300","1,960"
California,2023,"89,870","1,840"
California,2024,"100,600","1,694"
Colorado,1991,"31,500","1,245"
Colorado,1992,"32,480","1,471"
Colorado,1993,"34,490","1,569"
Colorado,1994,"37,830","1,446"
Colorado,1995,"40,710","1,552"
Colorado,1996,"40,950","1,329"
Colorado,1997,"43,230","1,944"
Colorado,1998,"46,600","1,086"
Colorado,1999,"48,180","1,483"
Colorado,2000,"48,240","1,237"
Colorado,2001,"49,400","1,190"
Colorado,2002,"48,290","1,464"
Colorado,2003,"49,940","1,158"
Colorado,2004,"50,890","1,590"
Colorado,2005,"50,450","1,287"
Colorado,2006,"55,700","1,524"
Colorado,2007,"61,140","1,014"
Colorado,2008,"60,940","1,898"
Colorado,2009,"55,930","1,595"
Colorado,2010,"60,230","2,481"
Colorado,2011,"58,630","2,553"
Colorado,2012,"57,260","2,708"
Colorado,2013,"67,910","4,129"
Colorado,2014,"60,940","2,414"
Colorado,2015,"66,600","3,682"
Colorado,2016,"70,570","4,125"
Colorado,2017,"74,170","2,982"
Colorado,2018,"73,030","3,562"
Colorado,2019,"72,500","5,221"
Colorado,2020,"83,780","6,019"
Colorado,2021,"84,950","3,155"
Colorado,2022,"89,930","3,790"
Colorado,2023,"96,640","6,194"
Colorado,2024,"106,500","8,547"
Connecticut,1991,"42,150","1,944"
Connecticut,1992,"40,840","1,972"
Connecticut,1993,"39,520","1,660"
Connecticut,1994,"41,100","1,595"
Connecticut,1995,"40,240","2,269"
Connecticut,1996,"42,120","3,087"
Connecticut,1997,"43,990","1,989"
Connecticut,1998,"46,510","2,728"
Connecticut,1999,"50,590","2,296"
Connecticut,2000,"50,170","1,357"
Connecticut,2001,"53,350","1,240"
Connecticut,2002,"53,390","1,370"
Connecticut,2003,"54,970","1,561"
Connecticut,2004,"55,100","1,648"
Connecticut,2005,"56,840","1,633"
Connecticut,2006,"62,400","2,162"
Connecticut,2007,"64,140","2,049"
Connecticut,2008,"64,680","2,701"
Connecticut,2009,"64,850","2,308"
Connecticut,2010,"66,000","2,095"
Connecticut,2011,"65,420","3,014"
Connecticut,2012,"64,250","2,853"
Connecticut,2013,"69,290","3,238"
Connecticut,2014,"70,160","2,665"
Connecticut,2015,"72,890","4,449"
Connecticut,2016,"75,920","3,404"
Connecticut,2017,"72,780","3,509"
Connecticut,2018,"72,810","5,119"
Connecticut,2019,"87,290","4,630"
Connecticut,2020,"79,430","3,602"
Connecticut,2021,"80,960","5,261"
Connecticut,2022,"90,730","4,245"
Connecticut,2023,"92,240","5,980"
Connecticut,2024,"99,240","4,631"
Delaware,1991,"32,590","1,111"
Delaware,1992,"35,680","1,393"
Delaware,1993,"36,060",849
Delaware,1994,"35,870","1,191"
Delaware,1995,"34,930","1,848"
Delaware,1996,"39,310","1,402"
Delaware,1997,"43,030","2,062"
Delaware,1998,"41,460","1,753"
Delaware,1999,"46,630","2,281"
Delaware,2000,"50,370","1,508"
Delaware,2001,"49,600","1,468"
Delaware,2002,"49,650","1,685"
Delaware,2003,"49,020","1,378"
Delaware,2004,"48,050","1,421"
Delaware,2005,"51,240","1,076"
Delaware,2006,"52,440","1,730"
Delaware,2007,"54,590","2,159"
Delaware,2008,"50,700","1,388"
Delaware,2009,"52,110","1,781"
Delaware,2010,"55,210","2,255"
Delaware,2011,"54,660","1,745"
Delaware,2012,"48,970","1,976"
Delaware,2013,"54,090","4,350"
Delaware,2014,"57,520","2,970"
Delaware,2015,"57,760","3,392"
Delaware,2016,"58,050","2,992"
Delaware,2017,"62,320","3,300"
Delaware,2018,"65,010","3,599"
Delaware,2019,"74,190","3,009"
Delaware,2020,"70,020","5,283"
Delaware,2021,"68,690","2,919"
Delaware,2022,"80,750","4,160"
Delaware,2023,"86,340","3,867"
Delaware,2024,"85,860","3,258"
Florida,1991,"27,250",475
Florida,1992,"27,350",526
Florida,1993,"28,550",707
Florida,1994,"29,290",632
Florida,1995,"29,750",612
Florida,1996,"30,640",513
Florida,1997,"32,460",583
Florida,1998,"34,910",767
Florida,1999,"35,830",627
Florida,2000,"38,860",743
Florida,2001,"36,420",417
Florida,2002,"38,020",828
Florida,2003,"38,970",759
Florida,2004,"40,540",632
Florida,2005,"42,990",810
Florida,2006,"45,680",629
Florida,2007,"45,790",570
Florida,2008,"44,860",858
Florida,2009,"45,630",706
Florida,2010,"44,070","1,544"
Florida,2011,"45,110","1,138"
Florida,2012,"46,070","1,110"
Florida,2013,"48,530","2,815"
Florida,2014,"46,140",950
Florida,2015,"48,830","1,395"
Florida,2016,"51,180",835
Florida,2017,"53,680","1,816"
Florida,2018,"54,640","1,887"
Florida,2019,"58,370","1,579"
Florida,2020,"57,760","1,814"
Florida,2021,"59,730","1,509"
Florida,2022,"65,370","1,950"
Florida,2023,"72,200","1,537"
Florida,2024,"75,630","1,788"
Georgia,1991,"27,210","1,088"
Georgia,1992,"28,800","1,228"
Georgia,1993,"31,660","1,254"
Georgia,1994,"31,470","1,238"
Georgia,1995,"34,100",897
Georgia,1996,"32,500","1,666"
Georgia,1997,"36,660",916
Georgia,1998,"38,670","1,179"
Georgia,1999,"39,430","1,355"
Georgia,2000,"41,900",831
Georgia,2001,"42,580","1,073"
Georgia,2002,"42,940","1,107"
Georgia,2003,"42,440",979
Georgia,2004,"40,980",618
Georgia,2005,"45,930",838
Georgia,2006,"49,340","1,210"
Georgia,2007,"48,640","1,078"
Georgia,2008,"46,230","1,164"
Georgia,2009,"43,340","1,256"
Georgia,2010,"44,120","1,822"
Georgia,2011,"45,970","2,483"
Georgia,2012,"48,120","1,504"
Georgia,2013,"46,990","4,236"
Georgia,2014,"49,560","2,009"
Georgia,2015,"50,770","1,401"
Georgia,2016,"53,530","1,679"
Georgia,2017,"57,020","2,434"
Georgia,2018,"55,820","2,032"
Georgia,2019,"56,630","1,782"
Georgia,2020,"59,270","2,063"
Georgia,2021,"61,500","2,266"
Georgia,2022,"67,730","2,981"
Georgia,2023,"72,420","3,218"
Georgia,2024,"81,210","2,132"
Hawaii,1991,"37,250","1,630"
Hawaii,1992,"42,110","1,435"
Hawaii,1993,"42,660","1,759"
Hawaii,1994,"42,260","2,423"
Hawaii,1995,"42,850","1,292"
Hawaii,1996,"41,770","1,893"
Hawaii,1997,"40,930","1,399"
Hawaii,1998,"40,830","2,369"
Hawaii,1999,"44,500","1,832"
Hawaii,2000,"51,550","1,193"
Hawaii,2001,"47,440","1,256"
Hawaii,2002,"47,300","1,371"
Hawaii,2003,"51,830","1,332"
Hawaii,2004,"56,240","1,690"
Hawaii,2005,"59,590","1,212"
Hawaii,2006,"60,470","1,571"
Hawaii,2007,"64,020","2,125"
Hawaii,2008,"61,520","1,481"
Hawaii,2009,"55,650","2,023"
Hawaii,2010,"59,540","2,731"
Hawaii,2011,"59,050","2,531"
Hawaii,2012,"56,260","2,255"
Hawaii,2013,"64,240","3,918"
Hawaii,2014,"71,220","2,676"
Hawaii,2015,"64,510","2,840"
Hawaii,2016,"72,130","2,510"
Hawaii,2017,"73,580","2,227"
Hawaii,2018,"80,110","3,482"
Hawaii,2019,"88,010","3,565"
Hawaii,2020,"80,830","2,427"
Hawaii,2021,"82,200","3,790"
Hawaii,2022,"91,010","3,712"
Hawaii,2023,"97,360","4,928"
Hawaii,2024,"98,240","4,347"
Idaho,1991,"26,120","1,029"
Idaho,1992,"27,700",874
Idaho,1993,"31,010","1,323"
Idaho,1994,"31,540","1,278"
Idaho,1995,"32,680","1,116"
Idaho,1996,"34,710","1,341"
Idaho,1997,"33,400","1,339"
Idaho,1998,"36,680","1,090"
Idaho,1999,"35,800","1,413"
Idaho,2000,"37,610","1,192"
Idaho,2001,"38,240",966
Idaho,2002,"37,720","1,121"
Idaho,2003,"42,370",982
Idaho,2004,"44,360","1,387"
Idaho,2005,"44,180","1,254"
Idaho,2006,"46,210","1,312"
Idaho,2007,"49,180","1,291"
Idaho,2008,"47,420","1,681"
Idaho,2009,"46,780","1,264"
Idaho,2010,"47,050","1,869"
Idaho,2011,"47,460","3,488"
Idaho,2012,"47,920","3,173"
Idaho,2013,"48,470","5,484"
Idaho,2014,"53,440","2,572"
Idaho,2015,"51,620","1,260"
Idaho,2016,"56,560","1,261"
Idaho,2017,"60,210","2,400"
Idaho,2018,"58,730","2,405"
Idaho,2019,"65,990","2,152"
Idaho,2020,"66,730","1,988"
Idaho,2021,"76,920","1,837"
Idaho,2022,"72,580","2,657"
Idaho,2023,"73,910","2,417"
Idaho,2024,"81,650","2,834"
Illinois,1991,"31,880",714
Illinois,1992,"31,550",752
Illinois,1993,"32,860",810
Illinois,1994,"35,080",799
Illinois,1995,"38,070",875
Illinois,1996,"39,550","1,107"
Illinois,1997,"41,280",782
Illinois,1998,"43,180","1,234"
Illinois,1999,"46,330","1,028"
Illinois,2000,"46,060",966
Illinois,2001,"46,170",879
Illinois,2002,"42,710",856
Illinois,2003,"45,150","1,072"
Illinois,2004,"46,080",823
Illinois,2005,"48,400",986
Illinois,2006,"48,670","1,167"
Illinois,2007,"52,510",950
Illinois,2008,"53,250","1,325"
Illinois,2009,"52,870",941
Illinois,2010,"50,730","1,474"
Illinois,2011,"50,640","1,374"
Illinois,2012,"51,740","1,328"
Illinois,2013,"53,940","3,287"
Illinois,2014,"54,920","1,625"
Illinois,2015,"60,410","1,999"
Illinois,2016,"61,390","1,761"
Illinois,2017,"64,610","1,999"
Illinois,2018,"70,150","2,253"
Illinois,2019,"74,400","2,625"
Illinois,2020,"74,330","2,227"
Illinois,2021,"79,250","1,771"
Illinois,2022,"78,020","2,365"
Illinois,2023,"87,820","3,527"
Illinois,2024,"84,210","4,235"
Indiana,1991,"27,090",922
Indiana,1992,"28,530","1,315"
Indiana,1993,"29,480","1,361"
Indiana,1994,"27,860","1,032"
Indiana,1995,"33,390","1,444"
Indiana,1996,"35,150","1,298"
Indiana,1997,"38,890","1,183"
Indiana,1998,"39,730","1,589"
Indiana,1999,"40,840","1,719"
Indiana,2000,"40,870",679
Indiana,2001,"40,380",948
Indiana,2002,"41,050",748
Indiana,2003,"42,430",959
Indiana,2004,"42,330","1,151"
Indiana,2005,"42,440","1,100"
Indiana,2006,"45,410","1,236"
Indiana,2007,"47,450","1,255"
Indiana,2008,"46,520","1,185"
Indiana,2009,"44,310","1,085"
Indiana,2010,"46,140","2,573"
Indiana,2011,"44,450","2,309"
Indiana,2012,"46,160","1,787"
Indiana,2013,"49,460","4,508"
Indiana,2014,"48,060","1,943"
Indiana,2015,"51,980","1,682"
Indiana,2016,"56,090","2,877"
Indiana,2017,"58,870","2,026"
Indiana,2018,"59,890","1,997"
Indiana,2019,"66,690","3,112"
Indiana,2020,"66,810","4,176"
Indiana,2021,"70,190","2,519"
Indiana,2022,"70,030","2,717"
Indiana,2023,"76,910","3,445"
Indiana,2024,"76,710","3,868"
Iowa,1991,"28,550","1,012"
Iowa,1992,"28,740",972
Iowa,1993,"28,660","1,240"
Iowa,1994,"33,080","1,280"
Iowa,1995,"35,520",942
Iowa,1996,"33,210","1,527"
Iowa,1997,"33,780","1,282"
Iowa,1998,"37,020","1,202"
Iowa,1999,"41,100","1,130"
Iowa,2000,"40,990",811
Iowa,2001,"40,980","1,133"
Iowa,2002,"41,050","1,152"
Iowa,2003,"41,380",884
Iowa,2004,"43,390","1,521"
Iowa,2005,"46,500","1,339"
Iowa,2006,"48,130","1,491"
Iowa,2007,"48,910","1,451"
Iowa,2008,"50,140","1,293"
Iowa,2009,"50,720","1,535"
Iowa,2010,"49,020","1,342"
Iowa,2011,"50,220","1,974"
Iowa,2012,"53,440","2,138"
Iowa,2013,"60,160","6,134"
Iowa,2014,"57,810","3,425"
Iowa,2015,"60,860","3,275"
Iowa,2016,"59,090","2,484"
Iowa,2017,"63,480","5,512"
Iowa,2018,"68,720","2,910"
Iowa,2019,"66,050","4,009"
Iowa,2020,"68,820","3,347"
Iowa,2021,"72,430","3,508"
Iowa,2022,"76,320","3,355"
Iowa,2023,"80,860","4,593"
Iowa,2024,"85,480","4,021"
Kansas,1991,"29,300",934
Kansas,1992,"30,350","1,137"
Kansas,1993,"29,770","1,144"
Kansas,1994,"28,320","1,064"
Kansas,1995,"30,340",921
Kansas,1996,"32,590","1,460"
Kansas,1997,"36,470","1,614"
Kansas,1998,"36,710","1,617"
Kansas,1999,"37,350","2,078"
Kansas,2000,"41,060","1,168"
Kansas,2001,"41,420","1,115"
Kansas,2002,"42,620","1,047"
Kansas,2003,"44,230","1,326"
Kansas,2004,"41,070","1,749"
Kansas,2005,"42,030",985
Kansas,2006,"45,550","1,252"
Kansas,2007,"48,500","1,805"
Kansas,2008,"47,880","1,410"
Kansas,2009,"44,720","1,788"
Kansas,2010,"46,050","1,816"
Kansas,2011,"46,150","1,950"
Kansas,2012,"50,000","1,812"
Kansas,2013,"47,820","4,496"
Kansas,2014,"53,440","2,863"
Kansas,2015,"54,870","3,731"
Kansas,2016,"56,810","3,268"
Kansas,2017,"57,870","2,898"
Kansas,2018,"63,940","2,027"
Kansas,2019,"73,150","4,329"
Kansas,2020,"73,080","3,632"
Kansas,2021,"75,980","4,213"
Kansas,2022,"73,040","3,440"
Kansas,2023,"84,830","5,520"
Kansas,2024,"87,690","4,442"
Kentucky,1991,"23,760","1,046"
Kentucky,1992,"23,490","1,259"
Kentucky,1993,"24,380","1,091"
Kentucky,1994,"26,600","1,028"
Kentucky,1995,"29,810","1,149"
Kentucky,1996,"32,410","1,439"
Kentucky,1997,"33,450","1,659"
Kentucky,1998,"36,250","1,511"
Kentucky,1999,"33,740","1,484"
Kentucky,2000,"36,270",848
Kentucky,2001,"38,440","1,009"
Kentucky,2002,"36,760",874
Kentucky,2003,"36,940",857
Kentucky,2004,"35,610","1,218"
Kentucky,2005,"36,700",898
Kentucky,2006,"39,490","1,051"
Kentucky,2007,"39,450","1,211"
Kentucky,2008,"41,150",812
Kentucky,2009,"42,660","1,313"
Kentucky,2010,"41,100","2,823"
Kentucky,2011,"39,860","1,847"
Kentucky,2012,"41,090","1,900"
Kentucky,2013,"44,880","3,924"
Kentucky,2014,"42,790","1,580"
Kentucky,2015,"42,390","2,269"
Kentucky,2016,"45,370","2,005"
Kentucky,2017,"51,350","1,364"
Kentucky,2018,"54,560","3,668"
Kentucky,2019,"55,660","2,553"
Kentucky,2020,"56,760","2,353"
Kentucky,2021,"55,630","3,025"
Kentucky,2022,"55,870","4,060"
Kentucky,2023,"61,980","3,789"
Kentucky,2024,"64,790","3,222"
Louisiana,1991,"25,300","1,156"
Louisiana,1992,"25,440","1,142"
Louisiana,1993,"26,310","1,164"
Louisiana,1994,"25,680","1,501"
Louisiana,1995,"27,950","1,090"
Louisiana,1996,"30,260","1,290"
Louisiana,1997,"33,260","1,551"
Louisiana,1998,"31,740","1,660"
Louisiana,1999,"32,650","1,244"
Louisiana,2000,"30,720",828
Louisiana,2001,"33,320","1,195"
Louisiana,2002,"34,010","1,258"
Louisiana,2003,"33,510","1,103"
Louisiana,2004,"36,430","1,243"
Louisiana,2005,"37,240","1,297"
Louisiana,2006,"36,490","1,425"
Louisiana,2007,"41,310",937
Louisiana,2008,"39,560","1,486"
Louisiana,2009,"45,430","1,813"
Louisiana,2010,"39,300","3,248"
Louisiana,2011,"40,660","1,929"
Louisiana,2012,"39,090","1,611"
Louisiana,2013,"46,430","2,543"
Louisiana,2014,"42,410","1,862"
Louisiana,2015,"45,920","2,140"
Louisiana,2016,"42,200","1,197"
Louisiana,2017,"43,900","1,453"
Louisiana,2018,"49,970","1,754"
Louisiana,2019,"51,710","1,412"
Louisiana,2020,"51,190","1,602"
Louisiana,2021,"57,210","2,879"
Louisiana,2022,"58,320","2,024"
Louisiana,2023,"57,650","2,368"
Louisiana,2024,"60,740","1,634"
Maine,1991,"27,870","1,253"
Maine,1992,"29,620","1,026"
Maine,1993,"27,440","1,203"
Maine,1994,"30,320","1,537"
Maine,1995,"33,860","1,088"
Maine,1996,"34,700","1,211"
Maine,1997,"32,770","1,301"
Maine,1998,"35,640","1,049"
Maine,1999,"38,860","1,319"
Maine,2000,"37,270",853
Maine,2001,"36,610",952
Maine,2002,"36,850",846
Maine,2003,"37,110",945
Maine,2004,"41,330","1,223"
Maine,2005,"43,920","1,433"
Maine,2006,"45,640","1,797"
Maine,2007,"47,890","1,398"
Maine,2008,"47,230","1,436"
Maine,2009,"47,500","1,739"
Maine,2010,"47,930","1,687"
Maine,2011,"49,690","1,983"
Maine,2012,"49,160","2,247"
Maine,2013,"54,960","3,863"
Maine,2014,"51,710","2,171"
Maine,2015,"50,760","1,929"
Maine,2016,"50,860","3,346"
Maine,2017,"51,660","2,146"
Maine,2018,"58,660","5,683"
Maine,2019,"66,550","5,002"
Maine,2020,"63,690","3,437"
Maine,2021,"71,140","3,092"
Maine,2022,"75,160","3,545"
Maine,2023,"75,740","4,165"
Maine,2024,"90,730","4,232"
Maryland,1991,"36,950","1,417"
Maryland,1992,"37,200","1,626"
Maryland,1993,"39,940","1,282"
Maryland,1994,"39,200","1,400"
Maryland,1995,"41,040","1,627"
Maryland,1996,"43,990","2,565"
Maryland,1997,"46,690","1,476"
Maryland,1998,"50,020","2,161"
Maryland,1999,"52,210","2,217"
Maryland,2000,"54,540","1,400"
Maryland,2001,"53,530","1,652"
Maryland,2002,"56,410","1,532"
Maryland,2003,"52,310","1,223"
Maryland,2004,"57,100","1,692"
Maryland,2005,"60,510","1,477"
Maryland,2006,"63,670","1,601"
Maryland,2007,"65,630","1,661"
Maryland,2008,"63,710","1,769"
Maryland,2009,"64,190","1,674"
Maryland,2010,"64,200","2,297"
Maryland,2011,"68,880","2,125"
Maryland,2012,"71,840","1,851"
Maryland,2013,"69,350","2,970"
Maryland,2014,"76,170","4,272"
Maryland,2015,"73,590","2,692"
Maryland,2016,"73,760","2,591"
Maryland,2017,"81,080","3,652"
Maryland,2018,"86,220","3,331"
Maryland,2019,"95,570","3,284"
Maryland,2020,"94,790","4,236"
Maryland,2021,"97,330","4,492"
Maryland,2022,"108,200","5,355"
Maryland,2023,"102,000","5,939"
Maryland,2024,"109,700","4,688"
Massachusetts,1991,"35,710",790
Massachusetts,1992,"36,360",738
Massachusetts,1993,"37,060",949
Massachusetts,1994,"40,500","1,060"
Massachusetts,1995,"38,570","1,475"
Massachusetts,1996,"39,490","1,932"
Massachusetts,1997,"42,020","1,383"
Massachusetts,1998,"42,350","1,961"
Massachusetts,1999,"44,010","2,023"
Massachusetts,2000,"46,750","1,357"
Massachusetts,2001,"52,250","1,518"
Massachusetts,2002,"49,860","1,153"
Massachusetts,2003,"50,960",953
Massachusetts,2004,"52,020","1,667"
Massachusetts,2005,"56,020","1,754"
Massachusetts,2006,"55,330","2,079"
Massachusetts,2007,"58,460","2,231"
Massachusetts,2008,"60,320","1,674"
Massachusetts,2009,"59,370","1,749"
Massachusetts,2010,"60,930","2,193"
Massachusetts,2011,"63,310","3,226"
Massachusetts,2012,"63,660","3,773"
Massachusetts,2013,"62,530","5,303"
Massachusetts,2014,"63,150","2,662"
Massachusetts,2015,"67,860","2,790"
Massachusetts,2016,"72,270","2,911"
Massachusetts,2017,"73,230","3,328"
Massachusetts,2018,"86,350","2,785"
Massachusetts,2019,"87,710","2,828"
Massachusetts,2020,"87,810","6,327"
Massachusetts,2021,"86,570","4,099"
Massachusetts,2022,"93,550","3,280"
Massachusetts,2023,"106,500","3,118"
Massachusetts,2024,"113,900","5,829"
Michigan,1991,"32,120",689
Michigan,1992,"32,270",761
Michigan,1993,"32,660",682
Michigan,1994,"35,280",685
Michigan,1995,"36,430",994
Michigan,1996,"39,230","1,143"
Michigan,1997,"38,740","1,108"
Michigan,1998,"41,820",917
Michigan,1999,"46,090","1,026"
Michigan,2000,"45,510","1,095"
Michigan,2001,"45,050",868
Michigan,2002,"42,720","1,115"
Michigan,2003,"45,020",950
Michigan,2004,"42,260",858
Michigan,2005,"45,930",915
Michigan,2006,"48,650",966
Michigan,2007,"49,370",798
Michigan,2008,"49,790","1,154"
Michigan,2009,"45,990","1,003"
Michigan,2010,"46,280","1,737"
Michigan,2011,"48,880","1,844"
Michigan,2012,"50,020","1,515"
Michigan,2013,"56,570","1,587"
Michigan,2014,"52,010","1,199"
Michigan,2015,"54,200","2,005"
Michigan,2016,"57,090","1,908"
Michigan,2017,"57,700","2,337"
Michigan,2018,"60,450","1,906"
Michigan,2019,"64,120","1,680"
Michigan,2020,"64,390","3,191"
Michigan,2021,"64,490","3,819"
Michigan,2022,"68,990","2,794"
Michigan,2023,"76,960","2,965"
Michigan,2024,"79,460","2,688"
Minnesota,1991,"29,480","1,146"
Minnesota,1992,"30,980","1,297"
Minnesota,1993,"33,680","1,212"
Minnesota,1994,"33,640","1,360"
Minnesota,1995,"37,930","1,848"
Minnesota,1996,"40,990","1,225"
Minnesota,1997,"42,560","1,510"
Minnesota,1998,"47,930","2,115"
Minnesota,1999,"47,040","1,527"
Minnesota,2000,"54,250","1,703"
Minnesota,2001,"52,680","1,134"
Minnesota,2002,"54,620","1,196"
Minnesota,2003,"52,820","1,228"
Minnesota,2004,"56,100","1,070"
Minnesota,2005,"54,220","1,244"
Minnesota,2006,"56,210","1,218"
Minnesota,2007,"58,060","1,888"
Minnesota,2008,"54,930","1,427"
Minnesota,2009,"56,090","1,237"
Minnesota,2010,"52,320","1,606"
Minnesota,2011,"57,820","2,380"
Minnesota,2012,"61,800","1,339"
Minnesota,2013,"64,320","3,992"
Minnesota,2014,"67,240","3,207"
Minnesota,2015,"68,730","3,063"
Minnesota,2016,"70,220","4,045"
Minnesota,2017,"71,920","2,991"
Minnesota,2018,"71,820","3,656"
Minnesota,2019,"81,430","2,988"
Minnesota,2020,"78,750","3,393"
Minnesota,2021,"80,440","5,050"
Minnesota,2022,"90,390","4,307"
Minnesota,2023,"90,340","3,160"
Minnesota,2024,"92,350","2,000"
Mississippi,1991,"19,480","1,053"
Mississippi,1992,"20,570","1,074"
Mississippi,1993,"22,190","1,229"
Mississippi,1994,"25,400",752
Mississippi,1995,"26,540","1,028"
Mississippi,1996,"26,680","1,316"
Mississippi,1997,"28,500","1,386"
Mississippi,1998,"29,120","1,158"
Mississippi,1999,"32,480","1,408"
Mississippi,2000,"34,300","1,354"
Mississippi,2001,"30,160","1,186"
Mississippi,2002,"30,880",766
Mississippi,2003,"32,730","1,113"
Mississippi,2004,"34,760","1,132"
Mississippi,2005,"32,880","1,292"
Mississippi,2006,"34,730","1,583"
Mississippi,2007,"37,280",951
Mississippi,2008,"36,450",830
Mississippi,2009,"35,080","1,304"
Mississippi,2010,"38,160","2,830"
Mississippi,2011,"41,090","2,366"
Mississippi,2012,"36,640","1,546"
Mississippi,2013,"32,340","2,730"
Mississippi,2014,"35,520","1,294"
Mississippi,2015,"40,040","1,071"
Mississippi,2016,"41,100","1,226"
Mississippi,2017,"43,440","2,204"
Mississippi,2018,"42,780","2,304"
Mississippi,2019,"44,790","2,997"
Mississippi,2020,"45,130","2,623"
Mississippi,2021,"46,640","1,805"
Mississippi,2022,"48,610","2,427"
Mississippi,2023,"55,060","2,393"
Mississippi,2024,"55,980","1,216"
Missouri,1991,"27,930","1,415"
Missouri,1992,"27,360","1,451"
Missouri,1993,"28,680","1,466"
Missouri,1994,"30,190","1,442"
Missouri,1995,"34,830","1,373"
Missouri,1996,"34,270","1,513"
Missouri,1997,"36,550","2,060"
Missouri,1998,"40,200","1,868"
Missouri,1999,"41,380","1,191"
Missouri,2000,"45,100","1,187"
Missouri,2001,"41,340","1,204"
Missouri,2002,"42,780","1,074"
Missouri,2003,"43,760",875
Missouri,2004,"42,140","1,073"
Missouri,2005,"42,990",989
Missouri,2006,"44,580","1,402"
Missouri,2007,"46,010","1,104"
Missouri,2008,"46,040","1,146"
Missouri,2009,"48,770","1,595"
Missouri,2010,"45,820","2,157"
Missouri,2011,"45,770","2,157"
Missouri,2012,"49,760","2,042"
Missouri,2013,"46,300","4,134"
Missouri,2014,"56,630","3,030"
Missouri,2015,"59,200","2,607"
Missouri,2016,"55,020","1,719"
Missouri,2017,"56,890","2,611"
Missouri,2018,"61,730","2,442"
Missouri,2019,"60,600","2,932"
Missouri,2020,"62,180","2,715"
Missouri,2021,"63,590","2,710"
Missouri,2022,"71,520","4,037"
Missouri,2023,"78,290","3,669"
Missouri,2024,"78,390","3,365"
Montana,1991,"24,830",890
Montana,1992,"26,530",728
Montana,1993,"26,470",965
Montana,1994,"27,630","1,246"
Montana,1995,"27,760","1,105"
Montana,1996,"28,680","1,566"
Montana,1997,"29,210","1,145"
Montana,1998,"31,580","1,133"
Montana,1999,"31,040",966
Montana,2000,"32,780","1,001"
Montana,2001,"32,130",737
Montana,2002,"34,840","1,212"
Montana,2003,"34,110","1,067"
Montana,2004,"33,960",709
Montana,2005,"37,310","1,161"
Montana,2006,"41,110",697
Montana,2007,"43,660","1,699"
Montana,2008,"42,900","1,764"
Montana,2009,"40,440","1,002"
Montana,2010,"41,280","1,847"
Montana,2011,"40,280","2,036"
Montana,2012,"45,090","2,565"
Montana,2013,"43,200","5,946"
Montana,2014,"51,100","1,778"
Montana,2015,"51,400","2,937"
Montana,2016,"57,080","2,880"
Montana,2017,"59,090","2,589"
Montana,2018,"57,680","2,876"
Montana,2019,"60,190","2,294"
Montana,2020,"56,740","2,497"
Montana,2021,"65,000","5,000"
Montana,2022,"72,970","2,878"
Montana,2023,"79,220","4,070"
Montana,2024,"81,920","4,356"
Nebraska,1991,"29,550","1,007"
Nebraska,1992,"30,050","1,071"
Nebraska,1993,"31,010",833
Nebraska,1994,"31,790","1,116"
Nebraska,1995,"32,930","1,155"
Nebraska,1996,"34,010","1,500"
Nebraska,1997,"34,690","1,528"
Nebraska,1998,"36,410","1,549"
Nebraska,1999,"38,630","1,366"
Nebraska,2000,"41,750","1,018"
Nebraska,2001,"43,610","1,116"
Nebraska,2002,"42,800","1,038"
Nebraska,2003,"43,970","1,306"
Nebraska,2004,"43,790","1,332"
Nebraska,2005,"47,920","1,447"
Nebraska,2006,"48,150","1,490"
Nebraska,2007,"49,170","1,379"
Nebraska,2008,"50,730","1,254"
Nebraska,2009,"49,600","1,657"
Nebraska,2010,"52,500","1,761"
Nebraska,2011,"55,620","2,693"
Nebraska,2012,"52,200","2,699"
Nebraska,2013,"57,620","4,217"
Nebraska,2014,"56,870","2,254"
Nebraska,2015,"60,470","2,937"
Nebraska,2016,"59,370","2,678"
Nebraska,2017,"59,620","2,848"
Nebraska,2018,"67,580","3,933"
Nebraska,2019,"73,070","3,259"
Nebraska,2020,"72,250","2,453"
Nebraska,2021,"78,110","3,963"
Nebraska,2022,"78,360","3,148"
Nebraska,2023,"89,190","4,239"
Nebraska,2024,"86,140","3,626"
Nevada,1991,"32,940","1,564"
Nevada,1992,"31,910",796
Nevada,1993,"35,810","1,078"
Nevada,1994,"35,870","1,534"
Nevada,1995,"36,080","1,314"
Nevada,1996,"38,540","1,615"
Nevada,1997,"38,850","1,576"
Nevada,1998,"39,760","1,225"
Nevada,1999,"41,460","1,764"
Nevada,2000,"45,760","1,011"
Nevada,2001,"45,400","1,130"
Nevada,2002,"44,960","1,161"
Nevada,2003,"45,180","1,554"
Nevada,2004,"47,200","1,382"
Nevada,2005,"48,210","1,680"
Nevada,2006,"52,280","1,252"
Nevada,2007,"54,060","1,294"
Nevada,2008,"54,740","2,658"
Nevada,2009,"51,430","1,097"
Nevada,2010,"51,200","1,922"
Nevada,2011,"47,040","2,669"
Nevada,2012,"47,330","2,533"
Nevada,2013,"51,850","3,178"
Nevada,2014,"49,880","1,836"
Nevada,2015,"52,010","2,272"
Nevada,2016,"55,430","2,137"
Nevada,2017,"56,550","3,039"
Nevada,2018,"61,860","2,116"
Nevada,2019,"70,910","3,465"
Nevada,2020,"61,160","2,427"
Nevada,2021,"64,340","3,500"
Nevada,2022,"72,330","3,554"
Nevada,2023,"81,310","3,631"
Nevada,2024,"80,590","3,805"
New Hampshire,1991,"36,030","1,339"
New Hampshire,1992,"39,440","1,922"
New Hampshire,1993,"37,960","1,620"
New Hampshire,1994,"35,250","1,837"
New Hampshire,1995,"39,170","1,556"
New Hampshire,1996,"39,410","1,734"
New Hampshire,1997,"41,000","1,604"
New Hampshire,1998,"44,960","1,866"
New Hampshire,1999,"46,060","1,952"
New Hampshire,2000,"50,930","1,243"
New Hampshire,2001,"51,330",719
New Hampshire,2002,"55,320","1,289"
New Hampshire,2003,"55,570","1,304"
New Hampshire,2004,"56,820","1,324"
New Hampshire,2005,"56,980","2,026"
New Hampshire,2006,"61,970","1,479"
New Hampshire,2007,"67,580","1,846"
New Hampshire,2008,"66,180","3,204"
New Hampshire,2009,"64,130","1,856"
New Hampshire,2010,"66,630","1,651"
New Hampshire,2011,"65,880","1,652"
New Hampshire,2012,"67,820","2,224"
New Hampshire,2013,"69,100","3,967"
New Hampshire,2014,"73,400","3,253"
New Hampshire,2015,"75,680","3,519"
New Hampshire,2016,"76,260","2,913"
New Hampshire,2017,"74,800","3,041"
New Hampshire,2018,"81,350","3,394"
New Hampshire,2019,"86,900","2,721"
New Hampshire,2020,"88,890","3,481"
New Hampshire,2021,"88,840","4,818"
New Hampshire,2022,"84,970","5,553"
New Hampshire,2023,"98,780","4,779"
New Hampshire,2024,"111,800","6,708"
New Jersey,1991,"40,050","1,033"
New Jersey,1992,"39,000",841
New Jersey,1993,"40,500",986
New Jersey,1994,"42,280","1,064"
New Jersey,1995,"43,920","1,400"
New Jersey,1996,"47,470","1,217"
New Jersey,1997,"48,020","1,424"
New Jersey,1998,"49,830","1,436"
New Jersey,1999,"49,730","1,405"
New Jersey,2000,"50,410",991
New Jersey,2001,"51,770",933
New Jersey,2002,"54,570","1,605"
New Jersey,2003,"56,050","1,023"
New Jersey,2004,"55,280","1,283"
New Jersey,2005,"63,370","2,257"
New Jersey,2006,"68,060","1,979"
New Jersey,2007,"60,510","1,458"
New Jersey,2008,"65,310","2,297"
New Jersey,2009,"64,780","1,919"
New Jersey,2010,"62,970","2,443"
New Jersey,2011,"62,340","3,028"
New Jersey,2012,"66,690","1,960"
New Jersey,2013,"63,750","4,464"
New Jersey,2014,"65,240","2,693"
New Jersey,2015,"68,360","3,132"
New Jersey,2016,"68,470","2,867"
New Jersey,2017,"73,000","2,999"
New Jersey,2018,"74,180","2,845"
New Jersey,2019,"87,730","4,069"
New Jersey,2020,"85,550","4,056"
New Jersey,2021,"88,560","4,751"
New Jersey,2022,"92,340","3,453"
New Jersey,2023,"91,590","4,838"
New Jersey,2024,"103,500","3,156"
New Mexico,1991,"26,540","1,195"
New Mexico,1992,"25,860","1,347"
New Mexico,1993,"26,760",853
New Mexico,1994,"26,910","1,382"
New Mexico,1995,"25,990","1,100"
New Mexico,1996,"25,090","1,091"
New Mexico,1997,"30,090","1,157"
New Mexico,1998,"31,540","1,398"
New Mexico,1999,"32,570","1,746"
New Mexico,2000,"35,090","1,248"
New Mexico,2001,"33,120","1,238"
New Mexico,2002,"35,460","1,061"
New Mexico,2003,"35,110","1,142"
New Mexico,2004,"39,560","1,584"
New Mexico,2005,"38,950","1,700"
New Mexico,2006,"40,030","1,257"
New Mexico,2007,"44,360","1,474"
New Mexico,2008,"42,100","1,381"
New Mexico,2009,"43,540","1,494"
New Mexico,2010,"45,130","3,016"
New Mexico,2011,"41,980","2,154"
New Mexico,2012,"43,420","2,267"
New Mexico,2013,"40,170","4,408"
New Mexico,2014,"46,690","3,312"
New Mexico,2015,"45,120","2,885"
New Mexico,2016,"48,450","2,961"
New Mexico,2017,"47,860","1,969"
New Mexico,2018,"48,280","2,202"
New Mexico,2019,"53,110","2,196"
New Mexico,2020,"50,910","1,719"
New Mexico,2021,"53,460","3,142"
New Mexico,2022,"56,420","2,348"
New Mexico,2023,"60,980","2,663"
New Mexico,2024,"64,140","3,208"
New York,1991,"31,790",538
New York,1992,"31,050",529
New York,1993,"31,700",556
New York,1994,"31,900",477
New York,1995,"33,030",716
New York,1996,"35,410",746
New York,1997,"35,800",634
New York,1998,"37,390",777
New York,1999,"39,990",879
New York,2000,"40,740",581
New York,2001,"42,110",600
New York,2002,"41,970",580
New York,2003,"42,790",872
New York,2004,"44,650",792
New York,2005,"47,180",827
New York,2006,"48,220",989
New York,2007,"48,940",918
New York,2008,"50,460",682
New York,2009,"50,220",599
New York,2010,"49,780","1,320"
New York,2011,"50,640","1,006"
New York,2012,"47,680","1,585"
New York,2013,"49,970","2,267"
New York,2014,"54,310","1,781"
New York,2015,"58,010","2,205"
New York,2016,"61,440","1,405"
New York,2017,"62,450","2,093"
New York,2018,"67,270","1,722"
New York,2019,"71,850","1,699"
New York,2020,"68,660","2,397"
New York,2021,"72,920","2,771"
New York,2022,"75,910","2,009"
New York,2023,"81,600","1,979"
New York,2024,"86,830","3,405"
North Carolina,1991,"26,850",510
North Carolina,1992,"27,770",616
North Carolina,1993,"28,820",653
North Carolina,1994,"30,110",670
North Carolina,1995,"31,980",888
North Carolina,1996,"35,600","1,008"
North Carolina,1997,"35,840",917
North Carolina,1998,"35,840","1,022"
North Carolina,1999,"37,250",960
North Carolina,2000,"38,320",806
North Carolina,2001,"38,160",951
North Carolina,2002,"36,520",716
North Carolina,2003,"37,280",941
North Carolina,2004,"40,240",812
North Carolina,2005,"42,060",964
North Carolina,2006,"39,800",815
North Carolina,2007,"43,510","1,072"
North Carolina,2008,"42,930",846
North Carolina,2009,"41,910",576
North Carolina,2010,"43,830","1,923"
North Carolina,2011,"45,210","1,560"
North Carolina,2012,"41,550","1,294"
North Carolina,2013,"46,340","2,974"
North Carolina,2014,"46,780","1,710"
North Carolina,2015,"50,800","1,343"
North Carolina,2016,"53,760","1,629"
North Carolina,2017,"50,340","1,760"
North Carolina,2018,"53,370","1,761"
North Carolina,2019,"61,160","1,649"
North Carolina,2020,"60,430","1,648"
North Carolina,2021,"62,890","2,101"
North Carolina,2022,"65,070","2,996"
North Carolina,2023,"68,610","3,286"
North Carolina,2024,"67,220","2,992"
North Dakota,1991,"25,890",932
North Dakota,1992,"26,960",901
North Dakota,1993,"28,120",835
North Dakota,1994,"28,280","1,115"
North Dakota,1995,"29,090","1,217"
North Dakota,1996,"31,470","1,184"
North Dakota,1997,"31,660","1,361"
North Dakota,1998,"30,300","1,179"
North Dakota,1999,"32,660","1,383"
North Dakota,2000,"36,000","1,065"
North Dakota,2001,"35,790",804
North Dakota,2002,"36,200",824
North Dakota,2003,"40,410",852
North Dakota,2004,"39,220","1,251"
North Dakota,2005,"42,190","1,221"
North Dakota,2006,"41,050","1,405"
North Dakota,2007,"47,210","1,280"
North Dakota,2008,"49,630","1,188"
North Dakota,2009,"50,080","1,738"
North Dakota,2010,"51,010","2,311"
North Dakota,2011,"56,360","2,960"
North Dakota,2012,"55,770","2,123"
North Dakota,2013,"59,150","3,451"
North Dakota,2014,"60,730","3,138"
North Dakota,2015,"57,420","3,233"
North Dakota,2016,"60,180","2,290"
North Dakota,2017,"59,890","1,676"
North Dakota,2018,"66,510","3,095"
North Dakota,2019,"70,030","3,170"
North Dakota,2020,"64,120","2,341"
North Dakota,2021,"68,880","2,731"
North Dakota,2022,"78,720","4,371"
North Dakota,2023,"76,960","4,466"
North Dakota,2024,"88,080","4,636"
Ohio,1991,"29,790",759
Ohio,1992,"31,400",587
Ohio,1993,"31,290",658
Ohio,1994,"31,860",584
Ohio,1995,"34,940",988
Ohio,1996,"34,070","1,063"
Ohio,1997,"36,130",894
Ohio,1998,"38,930","1,576"
Ohio,1999,"39,490",989
Ohio,2000,"42,960",732
Ohio,2001,"41,790",661
Ohio,2002,"42,680",777
Ohio,2003,"43,520",930
Ohio,2004,"43,060",977
Ohio,2005,"44,200","1,046"
Ohio,2006,"45,900",633
Ohio,2007,"49,100","1,085"
Ohio,2008,"46,930",848
Ohio,2009,"45,880",626
Ohio,2010,"45,890","1,493"
Ohio,2011,"44,650","1,200"
Ohio,2012,"44,380","1,723"
Ohio,2013,"50,750","2,448"
Ohio,2014,"49,640","1,393"
Ohio,2015,"53,300","1,957"
Ohio,2016,"53,990","1,894"
Ohio,2017,"59,770","1,890"
Ohio,2018,"61,630","2,254"
Ohio,2019,"64,660","3,011"
Ohio,2020,"60,380","1,542"
Ohio,2021,"62,690","2,930"
Ohio,2022,"67,520","2,214"
Ohio,2023,"73,770","2,968"
Ohio,2024,"80,520","3,638"
Oklahoma,1991,"25,460","1,079"
Oklahoma,1992,"25,280","1,075"
Oklahoma,1993,"26,260","1,492"
Oklahoma,1994,"26,990","1,213"
Oklahoma,1995,"26,310",880
Oklahoma,1996,"27,440","1,089"
Oklahoma,1997,"31,350","1,025"
Oklahoma,1998,"33,730","1,232"
Oklahoma,1999,"32,680","1,491"
Oklahoma,2000,"32,430",709
Oklahoma,2001,"35,610",690
Oklahoma,2002,"36,460",613
Oklahoma,2003,"35,900",781
Oklahoma,2004,"39,610","1,122"
Oklahoma,2005,"37,650","1,449"
Oklahoma,2006,"38,840","1,597"
Oklahoma,2007,"43,220","1,453"
Oklahoma,2008,"46,110",931
Oklahoma,2009,"45,880","1,139"
Oklahoma,2010,"43,100","2,073"
Oklahoma,2011,"48,460","2,395"
Oklahoma,2012,"48,410","2,821"
Oklahoma,2013,"46,160","3,442"
Oklahoma,2014,"47,200","2,775"
Oklahoma,2015,"47,080","1,937"
Oklahoma,2016,"50,940","1,652"
Oklahoma,2017,"55,010","3,102"
Oklahoma,2018,"54,430","2,774"
Oklahoma,2019,"59,400","2,357"
Oklahoma,2020,"52,470","1,911"
Oklahoma,2021,"60,100","3,913"
Oklahoma,2022,"63,440","3,371"
Oklahoma,2023,"67,330","2,374"
Oklahoma,2024,"65,310","2,566"
Oregon,1991,"30,190","1,087"
Oregon,1992,"31,930","2,039"
Oregon,1993,"33,140","1,160"
Oregon,1994,"31,460","1,128"
Oregon,1995,"36,370",970
Oregon,1996,"35,490","1,274"
Oregon,1997,"37,250","1,788"
Oregon,1998,"39,070","1,927"
Oregon,1999,"40,620","1,252"
Oregon,2000,"42,500",936
Oregon,2001,"41,270",752
Oregon,2002,"41,800",855
Oregon,2003,"41,640",965
Oregon,2004,"40,990","1,051"
Oregon,2005,"44,160","1,391"
Oregon,2006,"47,090","1,396"
Oregon,2007,"50,240","1,357"
Oregon,2008,"51,730","1,374"
Oregon,2009,"49,100","1,644"
Oregon,2010,"50,600","1,505"
Oregon,2011,"51,530","1,607"
Oregon,2012,"51,780","2,330"
Oregon,2013,"49,000","2,887"
Oregon,2014,"58,880","2,998"
Oregon,2015,"60,830","2,374"
Oregon,2016,"59,140","2,622"
Oregon,2017,"64,610","2,856"
Oregon,2018,"69,170","3,655"
Oregon,2019,"74,410","5,675"
Oregon,2020,"76,850","3,583"
Oregon,2021,"81,850","3,071"
Oregon,2022,"86,780","3,431"
Oregon,2023,"88,740","3,778"
Oregon,2024,"89,700","3,925"
Pennsylvania,1991,"30,370",614
Pennsylvania,1992,"29,880",667
Pennsylvania,1993,"31,000",694
Pennsylvania,1994,"32,070",654
Pennsylvania,1995,"34,520",683
Pennsylvania,1996,"34,900",974
Pennsylvania,1997,"37,520",964
Pennsylvania,1998,"39,020","1,080"
Pennsylvania,1999,"37,760","1,141"
Pennsylvania,2000,"42,180",704
Pennsylvania,2001,"43,500",723
Pennsylvania,2002,"42,500",795
Pennsylvania,2003,"42,930",778
Pennsylvania,2004,"44,110","1,039"
Pennsylvania,2005,"46,300",745
Pennsylvania,2006,"48,480",869
Pennsylvania,2007,"48,440",932
Pennsylvania,2008,"51,400",589
Pennsylvania,2009,"48,170",937
Pennsylvania,2010,"48,310","1,508"
Pennsylvania,2011,"49,910","1,694"
Pennsylvania,2012,"51,900","1,405"
Pennsylvania,2013,"55,160","2,936"
Pennsylvania,2014,"55,170","2,266"
Pennsylvania,2015,"60,390","2,227"
Pennsylvania,2016,"60,980","2,036"
Pennsylvania,2017,"63,170","2,753"
Pennsylvania,2018,"64,520","1,635"
Pennsylvania,2019,"70,580","3,226"
Pennsylvania,2020,"70,790","3,413"
Pennsylvania,2021,"72,630","2,054"
Pennsylvania,2022,"72,210","2,594"
Pennsylvania,2023,"79,820","3,597"
Pennsylvania,2024,"80,060","2,465"
Rhode Island,1991,"30,840","1,091"
Rhode Island,1992,"30,430","1,433"
Rhode Island,1993,"33,510","1,547"
Rhode Island,1994,"31,930","1,321"
Rhode Island,1995,"35,360","1,373"
Rhode Island,1996,"36,990","1,036"
Rhode Island,1997,"34,800","2,235"
Rhode Island,1998,"40,690","2,657"
Rhode Island,1999,"42,720","1,980"
Rhode Island,2000,"42,200","1,018"
Rhode Island,2001,"45,720","1,147"
Rhode Island,2002,"42,420",875
Rhode Island,2003,"44,710","1,249"
Rhode Island,2004,"47,940","1,972"
Rhode Island,2005,"49,480","1,456"
Rhode Island,2006,"53,740","1,823"
Rhode Island,2007,"54,210","1,849"
Rhode Island,2008,"53,240","2,399"
Rhode Island,2009,"51,630","1,446"
Rhode Island,2010,"51,620","1,730"
Rhode Island,2011,"49,030","2,283"
Rhode Island,2012,"56,070","2,561"
Rhode Island,2013,"56,320","3,852"
Rhode Island,2014,"58,630","4,001"
Rhode Island,2015,"55,700","3,247"
Rhode Island,2016,"61,530","2,828"
Rhode Island,2017,"66,390","4,209"
Rhode Island,2018,"62,270","3,348"
Rhode Island,2019,"70,150","4,980"
Rhode Island,2020,"80,170","3,382"
Rhode Island,2021,"74,980","4,221"
Rhode Island,2022,"80,650","4,121"
Rhode Island,2023,"81,860","4,838"
Rhode Island,2024,"92,290","3,960"
South Carolina,1991,"27,460","1,137"
South Carolina,1992,"27,580","1,434"
South Carolina,1993,"26,050",960
South Carolina,1994,"29,850","1,139"
South Carolina,1995,"29,070","1,400"
South Carolina,1996,"34,670","1,405"
South Carolina,1997,"34,260","1,609"
South Carolina,1998,"33,270","1,310"
South Carolina,1999,"36,460","1,728"
South Carolina,2000,"37,570",937
South Carolina,2001,"37,740","1,023"
South Carolina,2002,"37,810","1,224"
South Carolina,2003,"38,480","1,121"
South Carolina,2004,"38,690","1,021"
South Carolina,2005,"40,230","1,204"
South Carolina,2006,"39,620","1,347"
South Carolina,2007,"44,210","1,553"
South Carolina,2008,"42,160","1,121"
South Carolina,2009,"41,100","1,113"
South Carolina,2010,"41,700","1,460"
South Carolina,2011,"40,080","1,702"
South Carolina,2012,"44,400","2,157"
South Carolina,2013,"43,560","2,388"
South Carolina,2014,"44,930","2,244"
South Carolina,2015,"46,360","2,266"
South Carolina,2016,"54,340","3,153"
South Carolina,2017,"54,970","2,078"
South Carolina,2018,"57,440","2,082"
South Carolina,2019,"62,030","1,783"
South Carolina,2020,"60,340","1,981"
South Carolina,2021,"62,540","2,161"
South Carolina,2022,"61,770","2,601"
South Carolina,2023,"69,100","2,154"
South Carolina,2024,"76,780","2,833"
South Dakota,1991,"24,640",780
South Dakota,1992,"26,260",669
South Dakota,1993,"27,740","1,040"
South Dakota,1994,"29,730","1,185"
South Dakota,1995,"29,580","1,610"
South Dakota,1996,"29,530","1,003"
South Dakota,1997,"29,690","1,145"
South Dakota,1998,"32,790","1,013"
South Dakota,1999,"35,830",944
South Dakota,2000,"36,480",687
South Dakota,2001,"39,670",856
South Dakota,2002,"37,870",953
South Dakota,2003,"39,520","1,004"
South Dakota,2004,"41,110",995
South Dakota,2005,"43,150","1,369"
South Dakota,2006,"45,430","1,641"
South Dakota,2007,"46,420",900
South Dakota,2008,"51,600",995
South Dakota,2009,"45,830","1,289"
South Dakota,2010,"45,350","2,045"
South Dakota,2011,"47,220","2,147"
South Dakota,2012,"49,420","1,705"
South Dakota,2013,"53,410","2,917"
South Dakota,2014,"53,050","3,542"
South Dakota,2015,"55,070","2,604"
South Dakota,2016,"57,450","3,075"
South Dakota,2017,"56,890","3,633"
South Dakota,2018,"59,460","2,642"
South Dakota,2019,"64,260","3,776"
South Dakota,2020,"70,190","4,333"
South Dakota,2021,"73,890","2,655"
South Dakota,2022,"67,180","3,398"
South Dakota,2023,"81,740","4,466"
South Dakota,2024,"79,850","3,297"
Tennessee,1991,"24,450",915
Tennessee,1992,"24,320",913
Tennessee,1993,"25,100",831
Tennessee,1994,"28,640","1,028"
Tennessee,1995,"29,020","1,268"
Tennessee,1996,"30,790","1,087"
Tennessee,1997,"30,640","1,358"
Tennessee,1998,"34,090","1,307"
Tennessee,1999,"36,520","1,310"
Tennessee,2000,"34,100",930
Tennessee,2001,"35,780",791
Tennessee,2002,"37,030","1,111"
Tennessee,2003,"37,520","1,181"
Tennessee,2004,"38,070","1,057"
Tennessee,2005,"39,410","1,191"
Tennessee,2006,"40,690",755
Tennessee,2007,"41,200","1,116"
Tennessee,2008,"39,700","1,211"
Tennessee,2009,"40,520",988
Tennessee,2010,"38,590","1,257"
Tennessee,2011,"42,280","2,556"
Tennessee,2012,"43,000","2,407"
Tennessee,2013,"43,360","3,435"
Tennessee,2014,"43,720","2,326"
Tennessee,2015,"47,330","1,708"
Tennessee,2016,"51,340","1,387"
Tennessee,2017,"55,240","2,162"
Tennessee,2018,"56,060","1,442"
Tennessee,2019,"56,630","2,766"
Tennessee,2020,"54,970","1,804"
Tennessee,2021,"62,170","2,640"
Tennessee,2022,"65,380","2,564"
Tennessee,2023,"72,700","2,948"
Tennessee,2024,"75,860","3,052"
Texas,1991,"27,730",626
Texas,1992,"27,950",634
Texas,1993,"28,730",613
Texas,1994,"30,760",655
Texas,1995,"32,040",634
Texas,1996,"33,070",763
Texas,1997,"35,080",880
Texas,1998,"35,780",662
Texas,1999,"38,690","1,020"
Texas,2000,"38,610",785
Texas,2001,"40,860",512
Texas,2002,"40,150",563
Texas,2003,"39,270",762
Texas,2004,"41,400",549
Texas,2005,"41,420",420
Texas,2006,"43,310",828
Texas,2007,"46,050",700
Texas,2008,"46,490",674
Texas,2009,"47,480",743
Texas,2010,"47,270","1,159"
Texas,2011,"49,050","1,153"
Texas,2012,"51,930",950
Texas,2013,"51,410","1,360"
Texas,2014,"53,880","1,344"
Texas,2015,"56,470","1,289"
Texas,2016,"58,150","1,407"
Texas,2017,"59,300","1,702"
Texas,2018,"59,790","1,372"
Texas,2019,"67,440","1,769"
Texas,2020,"68,400","1,938"
Texas,2021,"67,400","1,525"
Texas,2022,"74,640","1,832"
Texas,2023,"79,060","2,084"
Texas,2024,"81,490","1,240"
Utah,1991,"28,020","1,359"
Utah,1992,"34,250","1,145"
Utah,1993,"35,790","1,242"
Utah,1994,"35,720","1,041"
Utah,1995,"36,480",919
Utah,1996,"37,040","1,330"
Utah,1997,"42,780","1,785"
Utah,1998,"44,300","1,375"
Utah,1999,"46,050","1,615"
Utah,2000,"47,550","1,041"
Utah,2001,"47,340","1,601"
Utah,2002,"47,860","1,146"
Utah,2003,"49,280",902
Utah,2004,"50,870",927
Utah,2005,"54,810","1,303"
Utah,2006,"54,630","1,671"
Utah,2007,"53,530","1,218"
Utah,2008,"62,540","1,526"
Utah,2009,"58,490","1,588"
Utah,2010,"56,700","1,962"
Utah,2011,"55,490","1,659"
Utah,2012,"58,340","2,944"
Utah,2013,"61,050","1,553"
Utah,2014,"63,380","3,231"
Utah,2015,"66,260","2,462"
Utah,2016,"67,480","2,237"
Utah,2017,"71,320","2,250"
Utah,2018,"77,070","2,327"
Utah,2019,"84,520","3,494"
Utah,2020,"83,990","2,880"
Utah,2021,"87,650","4,238"
Utah,2022,"95,800","4,030"
Utah,2023,"101,200","4,985"
Utah,2024,"104,000","5,025"
Vermont,1991,"29,160","1,222"
Vermont,1992,"32,760","1,333"
Vermont,1993,"31,070",956
Vermont,1994,"35,800","1,906"
Vermont,1995,"33,820","1,242"
Vermont,1996,"32,360","1,250"
Vermont,1997,"35,050","1,727"
Vermont,1998,"39,370","1,591"
Vermont,1999,"41,580","1,407"
Vermont,2000,"39,590",921
Vermont,2001,"40,790",944
Vermont,2002,"43,000",830
Vermont,2003,"43,260",977
Vermont,2004,"47,330","1,270"
Vermont,2005,"50,700","1,309"
Vermont,2006,"51,980","1,266"
Vermont,2007,"47,390","1,398"
Vermont,2008,"50,710",982
Vermont,2009,"52,320","1,438"
Vermont,2010,"55,930","2,247"
Vermont,2011,"51,860","2,007"
Vermont,2012,"55,580","3,030"
Vermont,2013,"65,510","4,013"
Vermont,2014,"60,710","3,098"
Vermont,2015,"59,490","2,622"
Vermont,2016,"60,840","1,364"
Vermont,2017,"63,810","3,133"
Vermont,2018,"70,070","2,350"
Vermont,2019,"74,310","3,084"
Vermont,2020,"67,260","4,095"
Vermont,2021,"76,080","3,471"
Vermont,2022,"72,190","4,163"
Vermont,2023,"85,190","4,567"
Vermont,2024,"85,260","4,597"
Virginia,1991,"36,140","1,336"
Virginia,1992,"38,200","1,359"
Virginia,1993,"36,430","1,387"
Virginia,1994,"37,650","1,531"
Virginia,1995,"36,220","1,391"
Virginia,1996,"39,210","1,459"
Virginia,1997,"42,960","1,897"
Virginia,1998,"43,350","2,195"
Virginia,1999,"45,690","1,770"
Virginia,2000,"47,160","1,065"
Virginia,2001,"50,240","1,148"
Virginia,2002,"49,630","1,290"
Virginia,2003,"54,780","1,563"
Virginia,2004,"51,140","1,116"
Virginia,2005,"51,910","1,185"
Virginia,2006,"57,120","1,592"
Virginia,2007,"59,160","1,365"
Virginia,2008,"61,990","1,447"
Virginia,2009,"60,500","1,193"
Virginia,2010,"60,370","1,965"
Virginia,2011,"62,620","1,773"
Virginia,2012,"64,630","2,166"
Virginia,2013,"65,910","2,740"
Virginia,2014,"66,160","2,946"
Virginia,2015,"61,490","2,439"
Virginia,2016,"66,450","2,436"
Virginia,2017,"71,290","3,276"
Virginia,2018,"77,150","3,086"
Virginia,2019,"81,310","3,056"
Virginia,2020,"82,210","3,115"
Virginia,2021,"80,270","2,953"
Virginia,2022,"85,170","4,082"
Virginia,2023,"96,490","4,469"
Virginia,2024,"97,720","3,944"
Washington,1991,"33,970","1,185"
Washington,1992,"33,900","1,247"
Washington,1993,"35,660","1,111"
Washington,1994,"33,530","1,190"
Washington,1995,"35,570","1,252"
Washington,1996,"36,680","1,608"
Washington,1997,"44,560","1,715"
Washington,1998,"47,420","1,379"
Washington,1999,"45,470","2,080"
Washington,2000,"42,530","1,211"
Washington,2001,"42,490","1,264"
Washington,2002,"45,180",964
Washington,2003,"47,510","1,395"
Washington,2004,"49,920","1,068"
Washington,2005,"50,650","1,045"
Washington,2006,"54,720","1,244"
Washington,2007,"58,080","1,736"
Washington,2008,"56,630","2,021"
Washington,2009,"60,390","1,199"
Washington,2010,"56,160","2,060"
Washington,2011,"56,850","1,983"
Washington,2012,"62,190","2,249"
Washington,2013,"63,920","3,386"
Washington,2014,"59,070","2,195"
Washington,2015,"67,240","3,253"
Washington,2016,"70,310","2,092"
Washington,2017,"75,420","3,307"
Washington,2018,"79,730","3,025"
Washington,2019,"82,450","2,920"
Washington,2020,"81,360","3,097"
Washington,2021,"87,650","3,307"
Washington,2022,"89,430","2,633"
Washington,2023,"93,440","3,434"
Washington,2024,"97,500","5,304"
West Virginia,1991,"23,150",918
West Virginia,1992,"20,270",892
West Virginia,1993,"22,420",981
West Virginia,1994,"23,560","1,217"
West Virginia,1995,"24,880",870
West Virginia,1996,"25,250","1,301"
West Virginia,1997,"27,490","1,315"
West Virginia,1998,"26,700",780
West Virginia,1999,"29,300","1,149"
West Virginia,2000,"29,410",645
West Virginia,2001,"29,670",674
West Virginia,2002,"29,360",699
West Virginia,2003,"32,760",993
West Virginia,2004,"33,370","1,173"
West Virginia,2005,"36,450","1,076"
West Virginia,2006,"38,420","1,214"
West Virginia,2007,"42,090",989
West Virginia,2008,"37,990","1,404"
West Virginia,2009,"40,490",913
West Virginia,2010,"42,780","2,518"
West Virginia,2011,"41,820","1,766"
West Virginia,2012,"43,550","2,774"
West Virginia,2013,"43,070","3,454"
West Virginia,2014,"39,550","2,195"
West Virginia,2015,"42,820","3,132"
West Virginia,2016,"44,350","1,994"
West Virginia,2017,"45,390","1,485"
West Virginia,2018,"50,570","1,337"
West Virginia,2019,"53,710","2,995"
West Virginia,2020,"51,970","2,178"
West Virginia,2021,"46,840","2,247"
West Virginia,2022,"52,460","2,383"
West Virginia,2023,"60,410","1,917"
West Virginia,2024,"63,150","1,673"
Wisconsin,1991,"31,130","1,018"
Wisconsin,1992,"33,310","1,097"
Wisconsin,1993,"31,770","1,340"
Wisconsin,1994,"35,390","1,272"
Wisconsin,1995,"40,960","1,318"
Wisconsin,1996,"40,000","1,780"
Wisconsin,1997,"39,600","1,150"
Wisconsin,1998,"41,330","1,271"
Wisconsin,1999,"45,670","1,878"
Wisconsin,2000,"45,090",952
Wisconsin,2001,"45,350","1,123"
Wisconsin,2002,"45,900",946
Wisconsin,2003,"46,270",978
Wisconsin,2004,"45,730","1,337"
Wisconsin,2005,"44,650","1,178"
Wisconsin,2006,"51,690","1,146"
Wisconsin,2007,"51,280","1,040"
Wisconsin,2008,"51,200",852
Wisconsin,2009,"51,240",806
Wisconsin,2010,"50,350","1,435"
Wisconsin,2011,"52,060","2,067"
Wisconsin,2012,"53,080","1,709"
Wisconsin,2013,"51,730","2,629"
Wisconsin,2014,"58,080","2,154"
Wisconsin,2015,"55,430","1,487"
Wisconsin,2016,"59,820","1,845"
Wisconsin,2017,"63,450","3,673"
Wisconsin,2018,"62,630","2,039"
Wisconsin,2019,"67,350","2,323"
Wisconsin,2020,"67,410","4,826"
Wisconsin,2021,"69,940","3,133"
Wisconsin,2022,"73,330","2,567"
Wisconsin,2023,"79,690","3,750"
Wisconsin,2024,"82,560","3,298"
Wyoming,1991,"29,050","1,382"
Wyoming,1992,"30,210","1,420"
Wyoming,1993,"29,440","1,167"
Wyoming,1994,"33,140","1,848"
Wyoming,1995,"31,530","1,136"
Wyoming,1996,"30,950",858
Wyoming,1997,"33,420","1,441"
Wyoming,1998,"35,250","1,316"
Wyoming,1999,"37,250","1,285"
Wyoming,2000,"39,630","1,056"
Wyoming,2001,"39,720","1,166"
Wyoming,2002,"39,760",976
Wyoming,2003,"42,560","1,000"
Wyoming,2004,"45,400","1,146"
Wyoming,2005,"44,720","1,508"
Wyoming,2006,"47,040","1,503"
Wyoming,2007,"48,740","1,363"
Wyoming,2008,"53,340","1,577"
Wyoming,2009,"52,470","2,131"
Wyoming,2010,"52,200","2,181"
Wyoming,2011,"54,510","2,277"
Wyoming,2012,"57,510","2,820"
Wyoming,2013,"67,440","3,988"
Wyoming,2014,"55,690","2,019"
Wyoming,2015,"60,930","2,024"
Wyoming,2016,"57,830","3,122"
Wyoming,2017,"57,840","3,134"
Wyoming,2018,"62,540","3,892"
Wyoming,2019,"65,130","3,773"
Wyoming,2020,"65,450","2,206"
Wyoming,2021,"71,050","3,919"
Wyoming,2022,"73,090","2,300"
Wyoming,2023,"77,200","4,350"
Wyoming,2024,"78,680","2,568"
